{
  "1": {
    "orientation": {
      "w": 0.5466128587722778,
      "x": -0.42535504698753357,
      "y": -0.5196365714073181,
      "z": 0.5002652406692505
    },
    "position": {
      "x": 1.593927264213562,
      "y": -0.3988959491252899,
      "z": 0.6923589706420898
    }
  },
  "2": {
    "orientation": {
      "w": 0.5466128587722778,
      "x": -0.42535504698753357,
      "y": -0.5196365714073181,
      "z": 0.5002652406692505
    },
    "position": {
      "x": 2.2361221313476562,
      "y": -0.3988959491252899,
      "z": 0.6923589706420898
    }
  },
  "3": {
    "orientation": {
      "w": 0.6749925017356873,
      "x": -0.15523426234722137,
      "y": -0.6821151375770569,
      "z": 0.23453447222709656
    },
    "position": {
      "x": 2.2361221313476562,
      "y": -0.3988959491252899,
      "z": 0.6923589706420898
    }
  },
  "4": {
    "orientation": {
      "w": 0.6749925017356873,
      "x": -0.15523426234722137,
      "y": -0.6821151375770569,
      "z": 0.23453447222709656
    },
    "position": {
      "x": 1.691828966140747,
      "y": -0.3988959491252899,
      "z": 0.4511645436286926
    }
  }
}