{"1": {"position": {"x": 1.823681354522705, "y": 0.6202276349067688, "z": 1.005587100982666}, "orientation": {"x": -0.27719107270240784, "y": -0.28489598631858826, "z": 0.6576772928237915, "w": 0.6398906111717224}}, "2": {"position": {"x": 1.891958236694336, "y": -0.9764592051506042, "z": 1.1244502067565918}, "orientation": {"x": -0.27719107270240784, "y": -0.28489598631858826, "z": 0.6576772928237915, "w": 0.6398906111717224}}, "3": {"position": {"x": 1.891958236694336, "y": -0.9764592051506042, "z": 1.1244502067565918}, "orientation": {"x": -0.5418728590011597, "y": 0.051842719316482544, "z": 0.714854896068573, "w": 0.43894049525260925}}, "4": {"position": {"x": 1.670515537261963, "y": -0.07671588659286499, "z": 0.7687208652496338}, "orientation": {"x": -0.5418728590011597, "y": 0.051842719316482544, "z": 0.714854896068573, "w": 0.43894049525260925}}, "5": {"position": {"x": 1.670515537261963, "y": -0.07671588659286499, "z": 1.4168514013290405}, "orientation": {"x": -0.5418728590011597, "y": 0.051842719316482544, "z": 0.714854896068573, "w": 0.43894049525260925}}, "6": {"position": {"x": 1.670515537261963, "y": -0.8191624283790588, "z": 1.4168514013290405}, "orientation": {"x": -0.5418728590011597, "y": 0.051842719316482544, "z": 0.714854896068573, "w": 0.43894049525260925}}, "7": {"position": {"x": 1.648975133895874, "y": -0.3176843523979187, "z": 1.3793662786483765}, "orientation": {"x": -0.49537336826324463, "y": 0.22565264999866486, "z": 0.5327186584472656, "w": 0.6479947566986084}}, "8": {"position": {"x": 1.593927264213562, "y": -0.10937651991844177, "z": 1.3793662786483765}, "orientation": {"x": -0.6639007925987244, "y": -0.044918242841959, "z": 0.2973545789718628, "w": 0.6846887469291687}}, "9": {"position": {"x": 1.593927264213562, "y": -0.10937651991844177, "z": 0.6923589706420898}, "orientation": {"x": -0.026736386120319366, "y": -0.7138717174530029, "z": 0.10332044214010239, "w": 0.6920968890190125}}}