{
  "1": {
    "orientation": {
      "w": 0.6398906111717224,
      "x": -0.27719107270240784,
      "y": -0.28489598631858826,
      "z": 0.6576772928237915
    },
    "position": {
      "x": 2.2656280994415283,
      "y": -0.33970463275909424,
      "z": 0.7332980036735535
    }
  },
  "2": {
    "orientation": {
      "w": 0.6398906111717224,
      "x": -0.27719107270240784,
      "y": -0.28489598631858826,
      "z": 0.6576772928237915
    },
    "position": {
      "x": 2.2656280994415283,
      "y": -0.9930683374404907,
      "z": 0.7332980036735535
    }
  },
  "3": {
    "orientation": {
      "w": 0.51735919713974,
      "x": -0.46758365631103516,
      "y": -0.059178635478019714,
      "z": 0.7142850160598755
    },
    "position": {
      "x": 2.2656280994415283,
      "y": -0.9930683374404907,
      "z": 0.7332980036735535
    }
  },
  "4": {
    "orientation": {
      "w": 0.51735919713974,
      "x": -0.46758365631103516,
      "y": -0.059178635478019714,
      "z": 0.7142850160598755
    },
    "position": {
      "x": 2.2656280994415283,
      "y": -0.9930683374404907,
      "z": 1.045300006866455
    }
  },
  "5": {
    "orientation": {
      "w": 0.4772030711174011,
      "x": -0.6566393375396729,
      "y": -0.20842239260673523,
      "z": 0.5455844402313232
    },
    "position": {
      "x": 2.2656280994415283,
      "y": -0.9930683374404907,
      "z": 1.045300006866455
    }
  },
  "6": {
    "orientation": {
      "w": 0.4772030711174011,
      "x": -0.6566393375396729,
      "y": -0.20842239260673523,
      "z": 0.5455844402313232
    },
    "position": {
      "x": 1.1897468566894531,
      "y": -0.5750042796134949,
      "z": 1.0449140071868896
    }
  },
  "7": {
    "orientation": {
      "w": 0.4391483962535858,
      "x": -0.5663223266601562,
      "y": -0.2378358244895935,
      "z": 0.6556387543678284
    },
    "position": {
      "x": 1.1845858097076416,
      "y": -0.5884773135185242,
      "z": 1.044752597808838
    }
  },
  "8": {
    "orientation": {
      "w": 0.17918184399604797,
      "x": -0.693877637386322,
      "y": 0.04104219377040863,
      "z": 0.6962352991104126
    },
    "position": {
      "x": 1.1845858097076416,
      "y": -0.01005786657333374,
      "z": 1.044752597808838
    }
  },
  "9": {
    "orientation": {
      "w": -0.4965122938156128,
      "x": -0.5167668461799622,
      "y": 0.614128589630127,
      "z": 0.3305664360523224
    },
    "position": {
      "x": 1.13210129737854,
      "y": -0.2351345419883728,
      "z": 1.0705907344818115
    }
  },
  "10": {
    "orientation": {
      "w": -0.4965122938156128,
      "x": -0.5167668461799622,
      "y": 0.614128589630127,
      "z": 0.3305664360523224
    },
    "position": {
      "x": 1.13210129737854,
      "y": 0.27370941638946533,
      "z": 1.0705907344818115
    }
  },
  "11": {
    "orientation": {
      "w": -0.45103684067726135,
      "x": -0.20286190509796143,
      "y": 0.5256005525588989,
      "z": 0.6922122240066528
    },
    "position": {
      "x": 1.13210129737854,
      "y": 0.27370941638946533,
      "z": 1.0705907344818115
    }
  },
  "12": {
    "orientation": {
      "w": -0.45103684067726135,
      "x": -0.20286190509796143,
      "y": 0.5256005525588989,
      "z": 0.6922122240066528
    },
    "position": {
      "x": 1.13210129737854,
      "y": 0.27370941638946533,
      "z": 0.6131058931350708
    }
  },
  "13": {
    "orientation": {
      "w": -0.45103684067726135,
      "x": -0.20286190509796143,
      "y": 0.5256005525588989,
      "z": 0.6922122240066528
    },
    "position": {
      "x": 1.13210129737854,
      "y": 0.5947829484939575,
      "z": 0.9054915904998779
    }
  },
  "14": {
    "orientation": {
      "w": -0.4893934726715088,
      "x": -0.0712827742099762,
      "y": 0.6953985691070557,
      "z": 0.521377682685852
    },
    "position": {
      "x": 1.13210129737854,
      "y": 0.5947829484939575,
      "z": 0.9054915904998779
    }
  },
  "15": {
    "orientation": {
      "w": -0.4893934726715088,
      "x": -0.0712827742099762,
      "y": 0.6953985691070557,
      "z": 0.521377682685852
    },
    "position": {
      "x": 1.13210129737854,
      "y": -0.07374006509780884,
      "z": 0.9054915904998779
    }
  },
  "16": {
    "orientation": {
      "w": -0.7472578287124634,
      "x": 0.16760963201522827,
      "y": 0.40582120418548584,
      "z": 0.49882155656814575
    },
    "position": {
      "x": 1.13210129737854,
      "y": 0.21144744753837585,
      "z": 0.9054915904998779
    }
  },
  "17": {
    "orientation": {
      "w": -0.7472578287124634,
      "x": 0.16760963201522827,
      "y": 0.40582120418548584,
      "z": 0.49882155656814575
    },
    "position": {
      "x": 0.5488314032554626,
      "y": 0.21144744753837585,
      "z": 0.9054915904998779
    }
  },
  "18": {
    "orientation": {
      "w": -0.7472578287124634,
      "x": 0.16760963201522827,
      "y": 0.40582120418548584,
      "z": 0.49882155656814575
    },
    "position": {
      "x": 1.7493293285369873,
      "y": 0.21144744753837585,
      "z": 0.9054915904998779
    }
  },
  "19": {
    "orientation": {
      "w": -0.6768020391464233,
      "x": -0.35943305492401123,
      "y": 0.327830970287323,
      "z": 0.5525170564651489
    },
    "position": {
      "x": 1.7493293285369873,
      "y": 0.21144744753837585,
      "z": 0.9054915904998779
    }
  },
  "20": {
    "orientation": {
      "w": -0.6768020391464233,
      "x": -0.35943305492401123,
      "y": 0.327830970287323,
      "z": 0.5525170564651489
    },
    "position": {
      "x": 1.7493293285369873,
      "y": 0.21144744753837585,
      "z": 1.0859358310699463
    }
  },
  "21": {
    "orientation": {
      "w": -0.6768020391464233,
      "x": -0.35943305492401123,
      "y": 0.327830970287323,
      "z": 0.5525170564651489
    },
    "position": {
      "x": 1.7493293285369873,
      "y": 0.21144744753837585,
      "z": 0.22064566612243652
    }
  },
  "22": {
    "orientation": {
      "w": -0.49754953384399414,
      "x": -0.25471973419189453,
      "y": 0.41446730494499207,
      "z": 0.7181786298751831
    },
    "position": {
      "x": 1.7493293285369873,
      "y": 0.0827474296092987,
      "z": 0.22064566612243652
    }
  }
}